{
  "Top": "mnist_dnn",
  "RtlTop": "mnist_dnn",
  "RtlPrefix": "",
  "RtlSubPrefix": "mnist_dnn_",
  "SourceLanguage": "cpp",
  "HostMachineBits": "64",
  "FunctionProtocol": "ap_ctrl_hs",
  "ResetStyle": "control",
  "Target": {
    "Family": "zynq",
    "Device": "xc7z020",
    "Package": "-clg400",
    "Speed": "-1",
    "Triple": "fpga64-xilinx-none"
  },
  "Args": {
    "in": {
      "index": "0",
      "direction": "in",
      "srcType": "stream<hls::axis<ap_int<32>, 2, 5, 6>, 0>&",
      "srcSize": "96",
      "hwRefs": [{
          "type": "interface",
          "interface": "in_r",
          "name": "",
          "usage": "data",
          "direction": "in"
        }]
    },
    "out": {
      "index": "1",
      "direction": "out",
      "srcType": "stream<hls::axis<ap_int<32>, 2, 5, 6>, 0>&",
      "srcSize": "96",
      "hwRefs": [{
          "type": "interface",
          "interface": "out_r",
          "name": "",
          "usage": "data",
          "direction": "out"
        }]
    }
  },
  "HlsSolution": {
    "FlowTarget": "vivado",
    "ConfigTcl": [
      "config_export -flow=syn",
      "config_export -format=ip_catalog",
      "config_export -rtl=vhdl",
      "config_export -vivado_clock=10"
    ],
    "DirectiveTcl": [
      "set_directive_top mnist_dnn -name mnist_dnn",
      "set_directive_top mnist_dnn -name mnist_dnn"
    ],
    "ProfileOption": "0",
    "ProfileType": "none",
    "KernelName": "mnist_dnn"
  },
  "ClockInfo": {
    "ClockName": "ap_clk",
    "ClockPeriod": "10",
    "Uncertainty": "2.7",
    "IsCombinational": "0",
    "II": "undef",
    "Latency": "undef"
  },
  "Xdc": {"OocClocks": ["create_clock -name ap_clk -period 10.000 [get_ports ap_clk]"]},
  "Ipx": {
    "Vendor": "xilinx.com",
    "Library": "hls",
    "Name": "mnist_dnn",
    "Version": "1.0",
    "DisplayName": "Mnist_dnn",
    "Revision": "2112998697",
    "Description": "An IP generated by Vitis HLS",
    "Taxonomy": "\/VITIS_HLS_IP",
    "AutoFamilySupport": "",
    "ZipFile": "xilinx_com_hls_mnist_dnn_1_0.zip"
  },
  "Files": {
    "CSource": ["..\/..\/..\/mnist.cc"],
    "Vhdl": [
      "impl\/vhdl\/mnist_dnn_control_s_axi.vhd",
      "impl\/vhdl\/mnist_dnn_flow_control_loop_pipe_sequential_init.vhd",
      "impl\/vhdl\/mnist_dnn_input_layer_RAM_AUTO_1R1W.vhd",
      "impl\/vhdl\/mnist_dnn_mnist_dnn_Pipeline_VITIS_LOOP_19_1.vhd",
      "impl\/vhdl\/mnist_dnn_mnist_dnn_Pipeline_VITIS_LOOP_36_3.vhd",
      "impl\/vhdl\/mnist_dnn_mnist_dnn_Pipeline_VITIS_LOOP_36_31.vhd",
      "impl\/vhdl\/mnist_dnn_mnist_dnn_Pipeline_VITIS_LOOP_36_32.vhd",
      "impl\/vhdl\/mnist_dnn_mnist_dnn_Pipeline_VITIS_LOOP_36_33.vhd",
      "impl\/vhdl\/mnist_dnn_mnist_dnn_Pipeline_VITIS_LOOP_44_4.vhd",
      "impl\/vhdl\/mnist_dnn_mnist_dnn_Pipeline_VITIS_LOOP_44_4_biases_0_ROM_AUTO_1R.vhd",
      "impl\/vhdl\/mnist_dnn_mnist_dnn_Pipeline_VITIS_LOOP_66_7.vhd",
      "impl\/vhdl\/mnist_dnn_mnist_dnn_Pipeline_VITIS_LOOP_66_7_biases_1_ROM_AUTO_1R.vhd",
      "impl\/vhdl\/mnist_dnn_mnist_dnn_Pipeline_VITIS_LOOP_75_8.vhd",
      "impl\/vhdl\/mnist_dnn_mul_32s_8s_32_2_1.vhd",
      "impl\/vhdl\/mnist_dnn_mux_94_32_1_1.vhd",
      "impl\/vhdl\/mnist_dnn_mux_104_32_1_1.vhd",
      "impl\/vhdl\/mnist_dnn_mux_285_32_1_1.vhd",
      "impl\/vhdl\/mnist_dnn_mux_616_32_1_1.vhd",
      "impl\/vhdl\/mnist_dnn_mux_646_32_1_1.vhd",
      "impl\/vhdl\/mnist_dnn_regslice_both.vhd",
      "impl\/vhdl\/mnist_dnn_weights_0_ROM_AUTO_1R.vhd",
      "impl\/vhdl\/mnist_dnn_weights_1_ROM_AUTO_1R.vhd",
      "impl\/vhdl\/mnist_dnn.vhd"
    ],
    "Verilog": [
      "impl\/verilog\/mnist_dnn_control_s_axi.v",
      "impl\/verilog\/mnist_dnn_flow_control_loop_pipe_sequential_init.v",
      "impl\/verilog\/mnist_dnn_input_layer_RAM_AUTO_1R1W.v",
      "impl\/verilog\/mnist_dnn_mnist_dnn_Pipeline_VITIS_LOOP_19_1.v",
      "impl\/verilog\/mnist_dnn_mnist_dnn_Pipeline_VITIS_LOOP_36_3.v",
      "impl\/verilog\/mnist_dnn_mnist_dnn_Pipeline_VITIS_LOOP_36_31.v",
      "impl\/verilog\/mnist_dnn_mnist_dnn_Pipeline_VITIS_LOOP_36_32.v",
      "impl\/verilog\/mnist_dnn_mnist_dnn_Pipeline_VITIS_LOOP_36_33.v",
      "impl\/verilog\/mnist_dnn_mnist_dnn_Pipeline_VITIS_LOOP_44_4.v",
      "impl\/verilog\/mnist_dnn_mnist_dnn_Pipeline_VITIS_LOOP_44_4_biases_0_ROM_AUTO_1R.dat",
      "impl\/verilog\/mnist_dnn_mnist_dnn_Pipeline_VITIS_LOOP_44_4_biases_0_ROM_AUTO_1R.v",
      "impl\/verilog\/mnist_dnn_mnist_dnn_Pipeline_VITIS_LOOP_66_7.v",
      "impl\/verilog\/mnist_dnn_mnist_dnn_Pipeline_VITIS_LOOP_66_7_biases_1_ROM_AUTO_1R.dat",
      "impl\/verilog\/mnist_dnn_mnist_dnn_Pipeline_VITIS_LOOP_66_7_biases_1_ROM_AUTO_1R.v",
      "impl\/verilog\/mnist_dnn_mnist_dnn_Pipeline_VITIS_LOOP_75_8.v",
      "impl\/verilog\/mnist_dnn_mul_32s_8s_32_2_1.v",
      "impl\/verilog\/mnist_dnn_mux_94_32_1_1.v",
      "impl\/verilog\/mnist_dnn_mux_104_32_1_1.v",
      "impl\/verilog\/mnist_dnn_mux_285_32_1_1.v",
      "impl\/verilog\/mnist_dnn_mux_616_32_1_1.v",
      "impl\/verilog\/mnist_dnn_mux_646_32_1_1.v",
      "impl\/verilog\/mnist_dnn_regslice_both.v",
      "impl\/verilog\/mnist_dnn_weights_0_ROM_AUTO_1R.dat",
      "impl\/verilog\/mnist_dnn_weights_0_ROM_AUTO_1R.v",
      "impl\/verilog\/mnist_dnn_weights_1_ROM_AUTO_1R.dat",
      "impl\/verilog\/mnist_dnn_weights_1_ROM_AUTO_1R.v",
      "impl\/verilog\/mnist_dnn.v"
    ],
    "SwDriver": [
      "impl\/misc\/drivers\/mnist_dnn_v1_0\/data\/mnist_dnn.mdd",
      "impl\/misc\/drivers\/mnist_dnn_v1_0\/data\/mnist_dnn.tcl",
      "impl\/misc\/drivers\/mnist_dnn_v1_0\/src\/Makefile",
      "impl\/misc\/drivers\/mnist_dnn_v1_0\/src\/xmnist_dnn.c",
      "impl\/misc\/drivers\/mnist_dnn_v1_0\/src\/xmnist_dnn.h",
      "impl\/misc\/drivers\/mnist_dnn_v1_0\/src\/xmnist_dnn_hw.h",
      "impl\/misc\/drivers\/mnist_dnn_v1_0\/src\/xmnist_dnn_linux.c",
      "impl\/misc\/drivers\/mnist_dnn_v1_0\/src\/xmnist_dnn_sinit.c"
    ],
    "IpMisc": ["impl\/misc\/logo.png"],
    "CsynthXml": "syn\/report\/csynth.xml",
    "DebugDir": ".debug",
    "KernelXml": ".autopilot\/db\/kernel.internal.xml",
    "Xo": "",
    "XoHlsDir": "",
    "ProtoInst": [".debug\/mnist_dnn.protoinst"]
  },
  "SubcoreInfo": {
    "HasXpmMemory": false,
    "HasClockedDsp": false,
    "Ip": []
  },
  "Interfaces": {
    "s_axi_control": {
      "type": "axi4lite",
      "busTypeName": "aximm",
      "mode": "slave",
      "dataWidth": "32",
      "addrWidth": "4",
      "portPrefix": "s_axi_control_",
      "paramPrefix": "C_S_AXI_CONTROL_",
      "ports": [
        "s_axi_control_ARADDR",
        "s_axi_control_ARREADY",
        "s_axi_control_ARVALID",
        "s_axi_control_AWADDR",
        "s_axi_control_AWREADY",
        "s_axi_control_AWVALID",
        "s_axi_control_BREADY",
        "s_axi_control_BRESP",
        "s_axi_control_BVALID",
        "s_axi_control_RDATA",
        "s_axi_control_RREADY",
        "s_axi_control_RRESP",
        "s_axi_control_RVALID",
        "s_axi_control_WDATA",
        "s_axi_control_WREADY",
        "s_axi_control_WSTRB",
        "s_axi_control_WVALID"
      ],
      "registers": [
        {
          "offset": "0x00",
          "name": "CTRL",
          "access": "RW",
          "description": "Control signals",
          "range": "32",
          "fields": [
            {
              "offset": "0",
              "width": "1",
              "name": "AP_START",
              "access": "RW",
              "description": "Control signal Register for 'ap_start'."
            },
            {
              "offset": "1",
              "width": "1",
              "name": "AP_DONE",
              "access": "R",
              "description": "Control signal Register for 'ap_done'."
            },
            {
              "offset": "2",
              "width": "1",
              "name": "AP_IDLE",
              "access": "R",
              "description": "Control signal Register for 'ap_idle'."
            },
            {
              "offset": "3",
              "width": "1",
              "name": "AP_READY",
              "access": "R",
              "description": "Control signal Register for 'ap_ready'."
            },
            {
              "offset": "4",
              "width": "3",
              "name": "RESERVED_1",
              "access": "R",
              "description": "Reserved.  0s on read."
            },
            {
              "offset": "7",
              "width": "1",
              "name": "AUTO_RESTART",
              "access": "RW",
              "description": "Control signal Register for 'auto_restart'."
            },
            {
              "offset": "8",
              "width": "1",
              "name": "RESERVED_2",
              "access": "R",
              "description": "Reserved.  0s on read."
            },
            {
              "offset": "9",
              "width": "1",
              "name": "INTERRUPT",
              "access": "R",
              "description": "Control signal Register for 'interrupt'."
            },
            {
              "offset": "10",
              "width": "22",
              "name": "RESERVED_3",
              "access": "R",
              "description": "Reserved.  0s on read."
            }
          ]
        },
        {
          "offset": "0x04",
          "name": "GIER",
          "access": "RW",
          "description": "Global Interrupt Enable Register",
          "range": "32",
          "fields": [
            {
              "offset": "0",
              "width": "1",
              "name": "Enable",
              "access": "RW",
              "description": "Master enable for the device interrupt output to the system interrupt controller: 0 = Disabled, 1 = Enabled"
            },
            {
              "offset": "1",
              "width": "31",
              "name": "RESERVED",
              "access": "R",
              "description": "Reserved.  0s on read."
            }
          ]
        },
        {
          "offset": "0x08",
          "name": "IP_IER",
          "access": "RW",
          "description": "IP Interrupt Enable Register",
          "range": "32",
          "fields": [
            {
              "offset": "0",
              "width": "1",
              "name": "CHAN0_INT_EN",
              "access": "RW",
              "description": "Enable Channel 0 (ap_done) Interrupt.  0 = Disabled, 1 = Enabled."
            },
            {
              "offset": "1",
              "width": "1",
              "name": "CHAN1_INT_EN",
              "access": "RW",
              "description": "Enable Channel 1 (ap_ready) Interrupt.  0 = Disabled, 1 = Enabled."
            },
            {
              "offset": "2",
              "width": "30",
              "name": "RESERVED_0",
              "access": "R",
              "description": "Reserved.  0s on read."
            }
          ]
        },
        {
          "offset": "0x0c",
          "name": "IP_ISR",
          "access": "RW",
          "description": "IP Interrupt Status Register",
          "range": "32",
          "fields": [
            {
              "offset": "0",
              "width": "1",
              "name": "CHAN0_INT_ST",
              "access": "RTOW",
              "description": "Channel 0 (ap_done) Interrupt Status. 0 = No Channel 0 interrupt, 1 = Channel 0 interrupt."
            },
            {
              "offset": "1",
              "width": "1",
              "name": "CHAN1_INT_ST",
              "access": "RTOW",
              "description": "Channel 1 (ap_ready) Interrupt Status. 0 = No Channel 1 interrupt, 1 = Channel 1 interrupt."
            },
            {
              "offset": "2",
              "width": "30",
              "name": "RESERVED_0",
              "access": "R",
              "description": "Reserved.  0s on read."
            }
          ]
        }
      ]
    },
    "ap_clk": {
      "type": "clock",
      "busTypeName": "clock",
      "mode": "slave",
      "busParams": {
        "ASSOCIATED_BUSIF": "s_axi_control:in_r:out_r",
        "ASSOCIATED_RESET": "ap_rst_n"
      },
      "portMap": {"ap_clk": "CLK"},
      "ports": ["ap_clk"]
    },
    "ap_rst_n": {
      "type": "reset",
      "busTypeName": "reset",
      "mode": "slave",
      "busParams": {"POLARITY": "ACTIVE_LOW"},
      "portMap": {"ap_rst_n": "RST"},
      "ports": ["ap_rst_n"]
    },
    "interrupt": {
      "type": "interrupt",
      "busTypeName": "interrupt",
      "mode": "master",
      "dataWidth": "1",
      "busParams": {"SENSITIVITY": "LEVEL_HIGH"},
      "portMap": {"interrupt": "INTERRUPT"},
      "ports": ["interrupt"]
    },
    "in_r": {
      "type": "axi4stream",
      "busTypeName": "axis",
      "mode": "slave",
      "dataWidth": "32",
      "portPrefix": "in_r_",
      "ports": [
        "in_r_TDATA",
        "in_r_TDEST",
        "in_r_TID",
        "in_r_TKEEP",
        "in_r_TLAST",
        "in_r_TREADY",
        "in_r_TSTRB",
        "in_r_TUSER",
        "in_r_TVALID"
      ],
      "constraints": [{
          "constraint_type": "pragma interface",
          "mode": "axis",
          "register_option": "0",
          "register_mode": "both",
          "argName": "in"
        }]
    },
    "out_r": {
      "type": "axi4stream",
      "busTypeName": "axis",
      "mode": "master",
      "dataWidth": "32",
      "portPrefix": "out_r_",
      "ports": [
        "out_r_TDATA",
        "out_r_TDEST",
        "out_r_TID",
        "out_r_TKEEP",
        "out_r_TLAST",
        "out_r_TREADY",
        "out_r_TSTRB",
        "out_r_TUSER",
        "out_r_TVALID"
      ],
      "constraints": [{
          "constraint_type": "pragma interface",
          "mode": "axis",
          "register_option": "0",
          "register_mode": "both",
          "argName": "out"
        }]
    }
  },
  "RtlPorts": {
    "s_axi_control_AWVALID": {
      "dir": "in",
      "width": "1"
    },
    "s_axi_control_AWREADY": {
      "dir": "out",
      "width": "1"
    },
    "s_axi_control_AWADDR": {
      "dir": "in",
      "width": "4"
    },
    "s_axi_control_WVALID": {
      "dir": "in",
      "width": "1"
    },
    "s_axi_control_WREADY": {
      "dir": "out",
      "width": "1"
    },
    "s_axi_control_WDATA": {
      "dir": "in",
      "width": "32"
    },
    "s_axi_control_WSTRB": {
      "dir": "in",
      "width": "4"
    },
    "s_axi_control_ARVALID": {
      "dir": "in",
      "width": "1"
    },
    "s_axi_control_ARREADY": {
      "dir": "out",
      "width": "1"
    },
    "s_axi_control_ARADDR": {
      "dir": "in",
      "width": "4"
    },
    "s_axi_control_RVALID": {
      "dir": "out",
      "width": "1"
    },
    "s_axi_control_RREADY": {
      "dir": "in",
      "width": "1"
    },
    "s_axi_control_RDATA": {
      "dir": "out",
      "width": "32"
    },
    "s_axi_control_RRESP": {
      "dir": "out",
      "width": "2"
    },
    "s_axi_control_BVALID": {
      "dir": "out",
      "width": "1"
    },
    "s_axi_control_BREADY": {
      "dir": "in",
      "width": "1"
    },
    "s_axi_control_BRESP": {
      "dir": "out",
      "width": "2"
    },
    "ap_clk": {
      "dir": "in",
      "width": "1"
    },
    "ap_rst_n": {
      "dir": "in",
      "width": "1"
    },
    "interrupt": {
      "dir": "out",
      "width": "1"
    },
    "in_r_TDATA": {
      "dir": "in",
      "width": "32"
    },
    "in_r_TVALID": {
      "dir": "in",
      "width": "1"
    },
    "in_r_TREADY": {
      "dir": "out",
      "width": "1"
    },
    "in_r_TDEST": {
      "dir": "in",
      "width": "6"
    },
    "in_r_TKEEP": {
      "dir": "in",
      "width": "4"
    },
    "in_r_TSTRB": {
      "dir": "in",
      "width": "4"
    },
    "in_r_TUSER": {
      "dir": "in",
      "width": "2"
    },
    "in_r_TLAST": {
      "dir": "in",
      "width": "1",
      "isVector": "true"
    },
    "in_r_TID": {
      "dir": "in",
      "width": "5"
    },
    "out_r_TDATA": {
      "dir": "out",
      "width": "32"
    },
    "out_r_TVALID": {
      "dir": "out",
      "width": "1"
    },
    "out_r_TREADY": {
      "dir": "in",
      "width": "1"
    },
    "out_r_TDEST": {
      "dir": "out",
      "width": "6"
    },
    "out_r_TKEEP": {
      "dir": "out",
      "width": "4"
    },
    "out_r_TSTRB": {
      "dir": "out",
      "width": "4"
    },
    "out_r_TUSER": {
      "dir": "out",
      "width": "2"
    },
    "out_r_TLAST": {
      "dir": "out",
      "width": "1",
      "isVector": "true"
    },
    "out_r_TID": {
      "dir": "out",
      "width": "5"
    }
  },
  "ModuleInfo": {
    "Hierarchy": {
      "ModuleName": "mnist_dnn",
      "Instances": [
        {
          "ModuleName": "mnist_dnn_Pipeline_VITIS_LOOP_19_1",
          "InstanceName": "grp_mnist_dnn_Pipeline_VITIS_LOOP_19_1_fu_7107"
        },
        {
          "ModuleName": "mnist_dnn_Pipeline_VITIS_LOOP_44_4",
          "InstanceName": "grp_mnist_dnn_Pipeline_VITIS_LOOP_44_4_fu_7158"
        },
        {
          "ModuleName": "mnist_dnn_Pipeline_VITIS_LOOP_36_3",
          "InstanceName": "grp_mnist_dnn_Pipeline_VITIS_LOOP_36_3_fu_7292"
        },
        {
          "ModuleName": "mnist_dnn_Pipeline_VITIS_LOOP_36_31",
          "InstanceName": "grp_mnist_dnn_Pipeline_VITIS_LOOP_36_31_fu_7328"
        },
        {
          "ModuleName": "mnist_dnn_Pipeline_VITIS_LOOP_36_32",
          "InstanceName": "grp_mnist_dnn_Pipeline_VITIS_LOOP_36_32_fu_7364"
        },
        {
          "ModuleName": "mnist_dnn_Pipeline_VITIS_LOOP_36_33",
          "InstanceName": "grp_mnist_dnn_Pipeline_VITIS_LOOP_36_33_fu_7400"
        },
        {
          "ModuleName": "mnist_dnn_Pipeline_VITIS_LOOP_66_7",
          "InstanceName": "grp_mnist_dnn_Pipeline_VITIS_LOOP_66_7_fu_7436"
        },
        {
          "ModuleName": "mnist_dnn_Pipeline_VITIS_LOOP_75_8",
          "InstanceName": "grp_mnist_dnn_Pipeline_VITIS_LOOP_75_8_fu_7474"
        }
      ]
    },
    "Info": {
      "mnist_dnn_Pipeline_VITIS_LOOP_19_1": {
        "FunctionProtocol": "ap_ctrl_hs",
        "isTaskLevelControl": "0",
        "isPipelined": "1",
        "isCombinational": "0",
        "isOneStateSeq": "0"
      },
      "mnist_dnn_Pipeline_VITIS_LOOP_36_3": {
        "FunctionProtocol": "ap_ctrl_hs",
        "isTaskLevelControl": "0",
        "isPipelined": "1",
        "isCombinational": "0",
        "isOneStateSeq": "0"
      },
      "mnist_dnn_Pipeline_VITIS_LOOP_36_31": {
        "FunctionProtocol": "ap_ctrl_hs",
        "isTaskLevelControl": "0",
        "isPipelined": "1",
        "isCombinational": "0",
        "isOneStateSeq": "0"
      },
      "mnist_dnn_Pipeline_VITIS_LOOP_36_32": {
        "FunctionProtocol": "ap_ctrl_hs",
        "isTaskLevelControl": "0",
        "isPipelined": "1",
        "isCombinational": "0",
        "isOneStateSeq": "0"
      },
      "mnist_dnn_Pipeline_VITIS_LOOP_36_33": {
        "FunctionProtocol": "ap_ctrl_hs",
        "isTaskLevelControl": "0",
        "isPipelined": "1",
        "isCombinational": "0",
        "isOneStateSeq": "0"
      },
      "mnist_dnn_Pipeline_VITIS_LOOP_44_4": {
        "FunctionProtocol": "ap_ctrl_hs",
        "isTaskLevelControl": "0",
        "isPipelined": "1",
        "isCombinational": "0",
        "isOneStateSeq": "0"
      },
      "mnist_dnn_Pipeline_VITIS_LOOP_66_7": {
        "FunctionProtocol": "ap_ctrl_hs",
        "isTaskLevelControl": "0",
        "isPipelined": "0",
        "isCombinational": "0",
        "isOneStateSeq": "0"
      },
      "mnist_dnn_Pipeline_VITIS_LOOP_75_8": {
        "FunctionProtocol": "ap_ctrl_hs",
        "isTaskLevelControl": "0",
        "isPipelined": "1",
        "isCombinational": "0",
        "isOneStateSeq": "0"
      },
      "mnist_dnn": {
        "FunctionProtocol": "ap_ctrl_hs",
        "isTaskLevelControl": "0",
        "isPipelined": "0",
        "isCombinational": "0",
        "isOneStateSeq": "0"
      }
    },
    "Metrics": {
      "mnist_dnn_Pipeline_VITIS_LOOP_19_1": {
        "Latency": {
          "LatencyBest": "",
          "LatencyAvg": "",
          "LatencyWorst": "",
          "PipelineII": "",
          "PipelineDepth": "",
          "PipelineType": "no"
        },
        "Timing": {
          "Target": "10.00",
          "Uncertainty": "2.70",
          "Estimate": "7.116"
        },
        "Loops": [{
            "Name": "VITIS_LOOP_19_1",
            "TripCount": "",
            "Latency": "",
            "PipelineII": "1",
            "PipelineDepth": "1"
          }],
        "Area": {
          "FF": "142",
          "AVAIL_FF": "106400",
          "UTIL_FF": "~0",
          "LUT": "217",
          "AVAIL_LUT": "53200",
          "UTIL_LUT": "~0",
          "BRAM_18K": "0",
          "AVAIL_BRAM": "280",
          "UTIL_BRAM": "0",
          "DSP": "0",
          "AVAIL_DSP": "220",
          "UTIL_DSP": "0",
          "URAM": "0",
          "AVAIL_URAM": "0",
          "UTIL_URAM": "0"
        }
      },
      "mnist_dnn_Pipeline_VITIS_LOOP_36_3": {
        "Latency": {
          "LatencyBest": "789",
          "LatencyAvg": "789",
          "LatencyWorst": "789",
          "PipelineII": "789",
          "PipelineDepth": "",
          "PipelineType": "no"
        },
        "Timing": {
          "Target": "10.00",
          "Uncertainty": "2.70",
          "Estimate": "6.912"
        },
        "Loops": [{
            "Name": "VITIS_LOOP_36_3",
            "TripCount": "784",
            "Latency": "787",
            "PipelineII": "1",
            "PipelineDepth": "5"
          }],
        "Area": {
          "FF": "235",
          "AVAIL_FF": "106400",
          "UTIL_FF": "~0",
          "LUT": "378",
          "AVAIL_LUT": "53200",
          "UTIL_LUT": "~0",
          "BRAM_18K": "0",
          "AVAIL_BRAM": "280",
          "UTIL_BRAM": "0",
          "DSP": "0",
          "AVAIL_DSP": "220",
          "UTIL_DSP": "0",
          "URAM": "0",
          "AVAIL_URAM": "0",
          "UTIL_URAM": "0"
        }
      },
      "mnist_dnn_Pipeline_VITIS_LOOP_36_31": {
        "Latency": {
          "LatencyBest": "789",
          "LatencyAvg": "789",
          "LatencyWorst": "789",
          "PipelineII": "789",
          "PipelineDepth": "",
          "PipelineType": "no"
        },
        "Timing": {
          "Target": "10.00",
          "Uncertainty": "2.70",
          "Estimate": "6.912"
        },
        "Loops": [{
            "Name": "VITIS_LOOP_36_3",
            "TripCount": "784",
            "Latency": "787",
            "PipelineII": "1",
            "PipelineDepth": "5"
          }],
        "Area": {
          "FF": "235",
          "AVAIL_FF": "106400",
          "UTIL_FF": "~0",
          "LUT": "378",
          "AVAIL_LUT": "53200",
          "UTIL_LUT": "~0",
          "BRAM_18K": "0",
          "AVAIL_BRAM": "280",
          "UTIL_BRAM": "0",
          "DSP": "0",
          "AVAIL_DSP": "220",
          "UTIL_DSP": "0",
          "URAM": "0",
          "AVAIL_URAM": "0",
          "UTIL_URAM": "0"
        }
      },
      "mnist_dnn_Pipeline_VITIS_LOOP_36_32": {
        "Latency": {
          "LatencyBest": "789",
          "LatencyAvg": "789",
          "LatencyWorst": "789",
          "PipelineII": "789",
          "PipelineDepth": "",
          "PipelineType": "no"
        },
        "Timing": {
          "Target": "10.00",
          "Uncertainty": "2.70",
          "Estimate": "6.912"
        },
        "Loops": [{
            "Name": "VITIS_LOOP_36_3",
            "TripCount": "784",
            "Latency": "787",
            "PipelineII": "1",
            "PipelineDepth": "5"
          }],
        "Area": {
          "FF": "235",
          "AVAIL_FF": "106400",
          "UTIL_FF": "~0",
          "LUT": "378",
          "AVAIL_LUT": "53200",
          "UTIL_LUT": "~0",
          "BRAM_18K": "0",
          "AVAIL_BRAM": "280",
          "UTIL_BRAM": "0",
          "DSP": "0",
          "AVAIL_DSP": "220",
          "UTIL_DSP": "0",
          "URAM": "0",
          "AVAIL_URAM": "0",
          "UTIL_URAM": "0"
        }
      },
      "mnist_dnn_Pipeline_VITIS_LOOP_36_33": {
        "Latency": {
          "LatencyBest": "789",
          "LatencyAvg": "789",
          "LatencyWorst": "789",
          "PipelineII": "789",
          "PipelineDepth": "",
          "PipelineType": "no"
        },
        "Timing": {
          "Target": "10.00",
          "Uncertainty": "2.70",
          "Estimate": "6.912"
        },
        "Loops": [{
            "Name": "VITIS_LOOP_36_3",
            "TripCount": "784",
            "Latency": "787",
            "PipelineII": "1",
            "PipelineDepth": "5"
          }],
        "Area": {
          "FF": "235",
          "AVAIL_FF": "106400",
          "UTIL_FF": "~0",
          "LUT": "378",
          "AVAIL_LUT": "53200",
          "UTIL_LUT": "~0",
          "BRAM_18K": "0",
          "AVAIL_BRAM": "280",
          "UTIL_BRAM": "0",
          "DSP": "0",
          "AVAIL_DSP": "220",
          "UTIL_DSP": "0",
          "URAM": "0",
          "AVAIL_URAM": "0",
          "UTIL_URAM": "0"
        }
      },
      "mnist_dnn_Pipeline_VITIS_LOOP_44_4": {
        "Latency": {
          "LatencyBest": "19",
          "LatencyAvg": "19",
          "LatencyWorst": "19",
          "PipelineII": "19",
          "PipelineDepth": "",
          "PipelineType": "no"
        },
        "Timing": {
          "Target": "10.00",
          "Uncertainty": "2.70",
          "Estimate": "6.430"
        },
        "Loops": [{
            "Name": "VITIS_LOOP_44_4",
            "TripCount": "16",
            "Latency": "17",
            "PipelineII": "1",
            "PipelineDepth": "3"
          }],
        "Area": {
          "BRAM_18K": "0",
          "AVAIL_BRAM": "280",
          "UTIL_BRAM": "0",
          "FF": "2225",
          "AVAIL_FF": "106400",
          "UTIL_FF": "2",
          "LUT": "2707",
          "AVAIL_LUT": "53200",
          "UTIL_LUT": "5",
          "DSP": "0",
          "AVAIL_DSP": "220",
          "UTIL_DSP": "0",
          "URAM": "0",
          "AVAIL_URAM": "0",
          "UTIL_URAM": "0"
        }
      },
      "mnist_dnn_Pipeline_VITIS_LOOP_66_7": {
        "Latency": {
          "LatencyBest": "4",
          "LatencyAvg": "6",
          "LatencyWorst": "7",
          "PipelineIIMin": "4",
          "PipelineIIMax": "7",
          "PipelineII": "4 ~ 7",
          "PipelineDepth": "",
          "PipelineType": "no"
        },
        "Timing": {
          "Target": "10.00",
          "Uncertainty": "2.70",
          "Estimate": "7.261"
        },
        "Loops": [{
            "Name": "VITIS_LOOP_66_7",
            "TripCount": "",
            "LatencyMin": "2",
            "LatencyMax": "4",
            "Latency": "2 ~ 4",
            "PipelineII": "1",
            "PipelineDepth": "2"
          }],
        "Area": {
          "BRAM_18K": "0",
          "AVAIL_BRAM": "280",
          "UTIL_BRAM": "0",
          "FF": "759",
          "AVAIL_FF": "106400",
          "UTIL_FF": "~0",
          "LUT": "940",
          "AVAIL_LUT": "53200",
          "UTIL_LUT": "1",
          "DSP": "0",
          "AVAIL_DSP": "220",
          "UTIL_DSP": "0",
          "URAM": "0",
          "AVAIL_URAM": "0",
          "UTIL_URAM": "0"
        }
      },
      "mnist_dnn_Pipeline_VITIS_LOOP_75_8": {
        "Latency": {
          "LatencyBest": "12",
          "LatencyAvg": "12",
          "LatencyWorst": "12",
          "PipelineII": "12",
          "PipelineDepth": "",
          "PipelineType": "no"
        },
        "Timing": {
          "Target": "10.00",
          "Uncertainty": "2.70",
          "Estimate": "3.323"
        },
        "Loops": [{
            "Name": "VITIS_LOOP_75_8",
            "TripCount": "10",
            "Latency": "10",
            "PipelineII": "1",
            "PipelineDepth": "2"
          }],
        "Area": {
          "FF": "41",
          "AVAIL_FF": "106400",
          "UTIL_FF": "~0",
          "LUT": "150",
          "AVAIL_LUT": "53200",
          "UTIL_LUT": "~0",
          "BRAM_18K": "0",
          "AVAIL_BRAM": "280",
          "UTIL_BRAM": "0",
          "DSP": "0",
          "AVAIL_DSP": "220",
          "UTIL_DSP": "0",
          "URAM": "0",
          "AVAIL_URAM": "0",
          "UTIL_URAM": "0"
        }
      },
      "mnist_dnn": {
        "Latency": {
          "LatencyBest": "",
          "LatencyAvg": "",
          "LatencyWorst": "",
          "PipelineII": "",
          "PipelineDepth": "",
          "PipelineType": "no"
        },
        "Timing": {
          "Target": "10.00",
          "Uncertainty": "2.70",
          "Estimate": "7.261"
        },
        "Loops": [
          {
            "Name": "VITIS_LOOP_32_2",
            "TripCount": "16",
            "Latency": "50688",
            "PipelineII": "",
            "PipelineDepth": "3168"
          },
          {
            "Name": "VITIS_LOOP_53_5",
            "TripCount": "",
            "LatencyMin": "1285",
            "LatencyMax": "3857",
            "Latency": "1285 ~ 3857",
            "PipelineII": "",
            "PipelineDepth": "1285",
            "Loops": [
              {
                "Name": "VITIS_LOOP_58_6",
                "TripCount": "64",
                "Latency": "320",
                "PipelineII": "",
                "PipelineDepth": "5"
              },
              {
                "Name": "VITIS_LOOP_58_6",
                "TripCount": "64",
                "Latency": "320",
                "PipelineII": "",
                "PipelineDepth": "5"
              },
              {
                "Name": "VITIS_LOOP_58_6",
                "TripCount": "64",
                "Latency": "320",
                "PipelineII": "",
                "PipelineDepth": "5"
              },
              {
                "Name": "VITIS_LOOP_58_6",
                "TripCount": "64",
                "Latency": "320",
                "PipelineII": "",
                "PipelineDepth": "5"
              }
            ]
          }
        ],
        "Area": {
          "BRAM_18K": "33",
          "AVAIL_BRAM": "280",
          "UTIL_BRAM": "11",
          "DSP": "4",
          "AVAIL_DSP": "220",
          "UTIL_DSP": "1",
          "FF": "15724",
          "AVAIL_FF": "106400",
          "UTIL_FF": "14",
          "LUT": "12061",
          "AVAIL_LUT": "53200",
          "UTIL_LUT": "22",
          "URAM": "0",
          "AVAIL_URAM": "0",
          "UTIL_URAM": "0"
        }
      }
    }
  },
  "GenerateBdFiles": "0",
  "GenData": {
    "DataVersion": "0.2",
    "Time": "2023-04-22 15:57:16 EDT",
    "ToolName": "vitis_hls",
    "ToolVersion": "2022.2"
  }
}
