<?xml version="1.0" encoding="UTF-8"?>
<vivadoHLSLog:LogRoot xmlns:vivadoHLSLog="www.xilinx.com/vivadoHLSLog">
  <errorLogs>
    <logs>
      <synLog/>
      <simLog/>
      <mgLog/>
      <packageLog/>
      <csimLog/>
    </logs>
  </errorLogs>
  <warningLogs>
    <logs>
      <synLog>
        <logs message="WARNING: [RTGEN 206-101] Design contains AXI ports. Reset is fixed to synchronous and active low." projectName="MNIST_HLS" solutionName="solution1" date="2023-04-22T15:57:13.925-0400" type="Warning"/>
        <logs message="WARNING: [HLS 200-960] Cannot flatten loop 'VITIS_LOOP_32_2' (../mnist.cc:11:10) in function 'mnist_dnn' more than one sub loop.&#xA;Resolution: For help on HLS 200-960 see www.xilinx.com/cgi-bin/docs/rdoc?v=2022.2;t=hls+guidance;d=200-960.html" projectName="MNIST_HLS" solutionName="solution1" date="2023-04-22T15:57:08.525-0400" type="Warning"/>
      </synLog>
      <simLog/>
      <mgLog/>
      <packageLog/>
      <csimLog/>
    </logs>
  </warningLogs>
</vivadoHLSLog:LogRoot>
